step,eval_loss_1pct
0,4.480868284571755
50,2.1417261008226904
100,1.9736558624921683
150,1.9017230193278287
200,1.841485537781839
