step,eval_loss_1pct
0,2.737921401001941
50,2.13943232339004
100,2.0569478903693716
150,2.018161958661573
200,1.9787908765091293
