step,eval_loss_1pct
0,3.6581113747603387
50,2.0338792597375264
100,1.909898466349479
150,1.8415655371204072
200,1.7890767403180592
