step,eval_loss_1pct
0,2.6400559683698055
50,2.2693579001110638
100,2.187939823532654
150,2.130875693618049
200,2.096261847603218
