step,eval_loss_1pct
0,2.3021620584152616
50,1.813096856177712
100,1.7306523817760457
150,1.6852938589513817
200,1.6537455495565012
