step,eval_loss_1pct
0,2.6400559683698055
50,2.271424849026485
100,2.185583922979811
150,2.135803616356094
200,2.1063631044684636
