step,eval_loss_1pct
0,2.3120781121405125
50,1.7969063843361583
100,1.7071573610608104
150,1.6627789907565378
200,1.6252148955287438
