step,eval_loss_1pct
0,2.324865051236551
50,1.8038194646752876
100,1.712271920885751
150,1.6603381760869316
200,1.6290611561162327
