step,eval_loss_1pct
0,2.3120781121405125
50,1.792058806254472
100,1.7122511970206709
150,1.66069476542624
200,1.6234820112371307
