step,eval_loss_1pct
0,2.324865051236551
50,1.8124195749546677
100,1.7169367748309967
150,1.6669419598510697
200,1.6326432121590166
