step,eval_loss_1pct
0,2.3021620584152616
50,1.819858743752801
100,1.7374068203164796
150,1.698319038671444
200,1.6584878490019257
