step,eval_loss_1pct
0,4.28895710721428
50,2.6015981362189775
100,2.303192546338211
150,2.1554999145460716
200,2.1042273309495716
