step,eval_loss_1pct
0,2.324865051236551
50,1.8132722800334524
100,1.7187749597455995
150,1.668680776093123
200,1.6267558782863343
