step,eval_loss_1pct
0,2.3707645515425013
50,1.8142134740289333
100,1.7192427700599737
150,1.666606898856374
200,1.6241775227858957
