step,eval_loss_1pct
0,2.681174922263485
50,2.208764222846634
100,2.1145023806341765
150,2.062889848632374
200,2.028291907803766
