step,eval_loss_1pct
0,3.3223514995355714
50,2.722266336967205
100,2.6613968980723413
150,2.6237702013432296
200,2.55915437758654
