step,eval_loss_1pct
0,2.737921401001941
50,2.144340309603461
100,2.0783643160743277
150,2.0213841501323655
200,2.0074394420645705
