step,eval_loss_1pct
0,2.7447492966706726
50,2.1531840809460343
100,2.088171329991571
150,2.035920861123622
200,2.0040747201305695
