step,eval_loss_1pct
0,2.737921401001941
50,2.14838825423142
100,2.082607802303358
150,2.0277621170570113
200,1.9909196489158718
