step,eval_loss_1pct
0,2.681174922263485
50,2.2111088873326095
100,2.116214628877311
150,2.0784973358285836
200,2.0482808639263284
