step,eval_loss_1pct
0,3.3223514995355714
50,2.7344824061996635
100,2.6447820252385634
150,2.6237241399699243
200,2.565334039172907
