step,eval_loss_1pct
0,2.7447492966706726
50,2.1708823963143358
100,2.090518359480233
150,2.0481061401038336
200,2.0084416249702715
